{
    "model_name": "raw_svi",
    "parameters": {
        "a": 0.021341022843100656,
        "b": 0.0834535027396129,
        "rho": -0.17132695101626588,
        "m": 0.006354738710888023,
        "sigma": 0.0344460894880287
    },
    "success": true,
    "message": "CONVERGENCE: RELATIVE REDUCTION OF F <= FACTR*EPSMCH",
    "objective_value": 2.383174684472895e-06,
    "market_points": {
        "strikes": [
            70.0,
            72.5,
            75.0,
            77.5,
            80.0,
            82.5,
            85.0,
            87.5,
            90.0,
            92.5,
            95.0,
            97.5,
            100.0,
            102.5,
            105.0,
            107.5,
            110.0,
            112.5,
            115.0,
            117.5,
            120.0,
            122.5,
            125.0,
            127.5,
            130.0
        ],
        "log_moneyness": [
            -0.3666749439387322,
            -0.3315836241274622,
            -0.2976820724517808,
            -0.2648922496287899,
            -0.23314355131420955,
            -0.20237189264745584,
            -0.17251892949777478,
            -0.14353139262452247,
            -0.11536051565782612,
            -0.08796154146971165,
            -0.06129329438755042,
            -0.03531780798428973,
            -0.009999999999999834,
            0.014692612590371691,
            0.03879016416943211,
            0.06232066157962636,
            0.08531017980432501,
            0.10778303565638353,
            0.1297619423751589,
            0.15126814759612242,
            0.17232155679395486,
            0.19294084399669048,
            0.21314355131420987,
            0.2329461786103897,
            0.2523642644674912
        ],
        "market_iv": [
            0.34,
            0.33,
            0.32,
            0.31,
            0.3,
            0.29,
            0.28,
            0.27,
            0.26,
            0.25,
            0.24,
            0.228,
            0.22,
            0.221,
            0.225,
            0.229,
            0.235,
            0.24,
            0.245,
            0.25,
            0.255,
            0.261,
            0.268,
            0.274,
            0.28
        ],
        "fitted_iv": [
            0.3404045116576078,
            0.3302153162426034,
            0.32007296374115,
            0.30995992180703796,
            0.2998598581134502,
            0.28975830524032015,
            0.27964417364723765,
            0.2695131209889097,
            0.2593753576287572,
            0.24927525631690475,
            0.23934682866473092,
            0.22999499355487796,
            0.22251771445374907,
            0.2199066694736696,
            0.22282622719226,
            0.2281453093098939,
            0.23409830063503081,
            0.24012570524612092,
            0.24604471157151847,
            0.2517918413881956,
            0.25734699379687564,
            0.2627075717481804,
            0.26787843159390035,
            0.27286757637444564,
            0.2776841813074548
        ],
        "market_total_variance": [
            0.05780000000000001,
            0.054450000000000005,
            0.0512,
            0.04805,
            0.045,
            0.04205,
            0.039200000000000006,
            0.03645,
            0.033800000000000004,
            0.03125,
            0.0288,
            0.025992,
            0.0242,
            0.0244205,
            0.0253125,
            0.0262205,
            0.027612499999999998,
            0.0288,
            0.030012499999999998,
            0.03125,
            0.0325125,
            0.0340605,
            0.035912000000000006,
            0.03753800000000001,
            0.039200000000000006
        ],
        "fitted_total_variance": [
            0.05793761577842724,
            0.0545210775406013,
            0.05122335105902176,
            0.04803757656331255,
            0.04495796725390923,
            0.04197993772787127,
            0.0391004319274232,
            0.03631866119259135,
            0.033637788072522844,
            0.03106907670592928,
            0.028643452195932027,
            0.026448848530154178,
            0.024757066622860105,
            0.024179471639500884,
            0.024825763762368332,
            0.02602514108005358,
            0.027401007180104638,
            0.02883017715997347,
            0.030269000046155858,
            0.03169956569482913,
            0.03311373760814458,
            0.03450763412691267,
            0.03587942705660398,
            0.03722835711823197,
            0.03855425227419571
        ]
    }
}